id,description,group
08693330870,Bandeja Rd Coffee,21.0
08693329694,Felpudo Pies Ro Ne,21.0
08693329472,Servilleta Lechuza Rojo,20.0
08693330413,Ind Cala Gri,19.0
08693330415,Ind Cala Neg,19.0
08693327722,Cenicero Spin Casino,18.0
08693324670,Chapa Beer,17.0
08693330556,Chapa Casablanca,17.0
08693330838,Pfoto Love Ne,17.0
08693329842,abanico dolar,16.0
08693330926,Agenda Esfera,16.0
08693328811,Agenda Vg Gr,16.0
08693330508,Album Corten,16.0
08693330275,Album espera,16.0
08693330925,Album Paris,16.0
08693330121,Alcancia Cabina Uk,16.0
08693328024,Alcancia Extintor,16.0
08693330733,Alf Banio City,16.0
08693330732,Alf Banio Lechuza,16.0
08693330742,Alf Banio Welcome,16.0
08693330589,Alf Baño Canas,16.0
08693327735,Alf Baño Scuba,16.0
08693330588,Alf Puerta Piedras,16.0
08693330016,Almohadon Lips,16.0
08693330015,Almohadon Wm Gajo,16.0
08693327270,Anillo Sparks,16.0
08693330920,Anotador Corner,16.0
08693328015,Anotador Dulce,16.0
08693330080,Anotador Espera,16.0
08693327989,Anotador Moño,16.0
08693330623,Anotador Moon,16.0
08693327779,Anotador Paris,16.0
08693330937,Anotador Perfect,16.0
08693330938,Anotador Still,16.0
08693329900,Anotador Tejado,16.0
08693327367,Anotador Via Aerea,16.0
08693327583,Anteojos Slurp,16.0
08693330067,Auriculares Labios,16.0
08693329685,B. Cora Glitter,16.0
08693329688,B. Fu Glitter,16.0
08693329689,B. Multi Co Glitter,16.0
08693329686,B. Multi Glitter,16.0
08693329687,B. Silver Glitter,16.0
08693328695,Balance Bici,16.0
08693328696,Balance Jinete,16.0
08693328177,Balde Barras Diag,16.0
08693326658,Balde Birds,16.0
08693327228,Balde Cinta Violeta,16.0
08693326662,Balde Corazones Multi,16.0
08693327230,Balde Cupcake,16.0
08693326663,Balde Dots Rayas,16.0
08693329921,Balde mnini flores,16.0
08693327229,Balde Pajaros,16.0
08693326660,Balde Rana,16.0
08693327222,Balde Stripes,16.0
85237331044,BANDO TRANS PUMP,16.0
08693330662,Billet Meta Azu,16.0
08693330664,Billet Meta Fuc,16.0
08693330663,Billet Meta Vio,16.0
08693330652,Billetera 3D Anpri,16.0
08693330516,Billetera Elefante Pk,16.0
08693330653,Billetera G Girl,16.0
08693330654,Billetera Lips,16.0
08693330515,Billetera Pajaros Cel,16.0
08693330655,Billetera Stampa,16.0
08693330840,Birdie Vert. Brown,16.0
08693330839,Birdie Vert. Oxido,16.0
08693326293,Birome Jeringa,16.0
08693328850,Boligrafo  Gatos Color,16.0
08693328578,Boligrafo 4 Colores,16.0
08693329824,Boligrafo Arlequin,16.0
08693330939,Boligrafo Bala,16.0
08693330090,Boligrafo Bulon,16.0
08693328837,Boligrafo Calavera,16.0
08693330070,Boligrafo Car Metallic,16.0
08693328577,Boligrafo Cars Luz,16.0
08693330089,Boligrafo Clavo,16.0
08693327290,Boligrafo Dedos Led,16.0
08693325732,Boligrafo Dots Blanco,16.0
08693328839,Boligrafo Fluo,16.0
08693330069,Boligrafo Jirafa,16.0
08693325564,Boligrafo Lipstick,16.0
08693330088,Boligrafo Llave,16.0
08693330942,Boligrafo Multi,16.0
08693327975,Boligrafo Ojos,16.0
08693329561,Boligrafo oval extenda,16.0
08693330096,Boligrafo Owl Fu,16.0
08693329935,Boligrafo Rojo Lipstick,16.0
08693328838,Boligrafo Smiley,16.0
08693327996,Bolsa Corazones Rojos,16.0
08693327997,Bolsa Lech Violeta,16.0
08693329483,Bolso Cosmetics Gr,16.0
08693330572,Bolso Eliza,16.0
08693330512,Bolso Mariposas,16.0
08693330573,Bolso Metalla,16.0
08693330085,Bolso Sasa,16.0
08693330880,Botella Totoro,16.0
08693328786,Caja Casette,16.0
08693331053,Caja Cintas Ch,16.0
08693330324,Caja Image Paris,16.0
08693329856,caja musical,16.0
08693330594,Caja Pl Princess,16.0
08693330596,Caja Pl Viole,16.0
08693330815,Caja Tropic,16.0
08693330201,Caja Vetas,16.0
08693325973,Calculadora Flex Ve,16.0
08693330456,Calculadora Suku,16.0
08693326906,Cenciero Vid Esqueleto,16.0
08693327713,Cenicero Fuchsia Diamantes,16.0
08693327717,Cenicero Spin Calavera,16.0
08693324123,Cenicero Spin Dolar,16.0
08693327718,Cenicero Spin Rosas,16.0
08693327709,Cenicero Vid Bike Week,16.0
08693327710,Cenicero Vid No Smoking negro,16.0
08693330657,Cep Electra Ros,16.0
08693330658,Cep Electra Vio,16.0
08693330577,Cesto Bandas,16.0
08693330562,Chapa Che Azul,16.0
08693330553,Chapa Fall In Love,16.0
08693330024,Chapa Marilyn Bn,16.0
08693324669,Chapa Moms,16.0
08693330554,Chapa Passion,16.0
08693323918,Cinta adh +Racionador,16.0
08693323917,Cinta Adhesiva,16.0
08693330919,Corner Tp Ch,16.0
08693330918,Corner Tp Gr,16.0
08693327282,Cortina Baño Ny,16.0
08693330624,Cuader Herbs Ch,16.0
08693330626,Cuader Herbs Gr,16.0
08693330611,Cuaderno  Te30,16.0
08693329897,Cuaderno  Vg Design,16.0
08693330619,Cuaderno Alice,16.0
08693330933,Cuaderno Bianca,16.0
08693327378,Cuaderno Black Life,16.0
08693330776,Cuaderno Blue Sea,16.0
08693330777,Cuaderno Bosque,16.0
08693330923,Cuaderno Ch Simple,16.0
08693329960,Cuaderno Deco,16.0
08693330403,Cuaderno Dreams,16.0
08693330079,Cuaderno Espera,16.0
08693330274,cuaderno espera TP,16.0
08693329883,Cuaderno espiral,16.0
08693330404,Cuaderno Flowers,16.0
08693330621,Cuaderno Forrest,16.0
08693330924,Cuaderno Gr Simple,16.0
08693330071,Cuaderno Grafitti,16.0
08693330930,Cuaderno Greens,16.0
08693329886,Cuaderno hello,16.0
08693326127,Cuaderno Ladrillos,16.0
08693330609,Cuaderno Love Bl,16.0
08693329860,cuaderno machiato,16.0
08693330400,Cuaderno Mariposas,16.0
08693330629,Cuaderno Nocturna,16.0
08693329884,Cuaderno pajaros,16.0
08693328809,Cuaderno Paris,16.0
08693330077,Cuaderno Paris 48Pag,16.0
08693330934,Cuaderno Perfect,16.0
08693327364,Cuaderno Plantes,16.0
08693327778,Cuaderno Royal Guard,16.0
08693330072,Cuaderno Skull,16.0
0869330081,Cuaderno Skull 128 Pg,16.0
08693330082,Cuaderno Skull 182 Pg,16.0
08693330083,Cuaderno Soleil,16.0
08693330931,Cuaderno Space,16.0
08693325061,Cuaderno Stickers,16.0
08693330778,Cuaderno Summer,16.0
08693330610,Cuaderno Sweet Bl,16.0
08693330617,Cuaderno Tiza,16.0
08693330402,Cuaderno Vasija,16.0
08693328810,Cuaderno Vg Hc,16.0
08693330405,Cuaderno Woods,16.0
08693326011,Cubo Giratorio Fotos,16.0
08693330507,Dispenser Block,16.0
08693328592,Espejo Beso,16.0
08693329949,Espejo BW,16.0
08693329927,Espejo Chks Bags,16.0
08693329929,Espejo Chks Shop,16.0
08693329994,Espejo Choc Ch,16.0
08693326311,Espejo Chocolate Gr,16.0
08693329588,Espejo Lechuza,16.0
08693330862,Esqueleto Solar,16.0
08693327907,Estuche Grey,16.0
08693330086,Estuche Sasa,16.0
08693330252,Estuche Sneaker,16.0
08693329752,Felpudo Pata Marron,16.0
08693329698,Felpudo Pies Az Ve,16.0
08693330863,Flamenco Solar,16.0
08693328573,Flor Plumas,16.0
85237331089,Fotofan Mesa,16.0
08693327998,Fund Anteojos Vi,16.0
08693328000,Funda Anteojos Ne,16.0
08693327550,Glitter Lamp,16.0
08693330385,Glitter Lamp Azul,16.0
08693330384,Glitter Lamp Roja,16.0
08693330093,Goma Frutas Xxl,16.0
08693329972,Goma Lapiz,16.0
08693326185,Gota Az Ro,16.0
08693326183,Gota Az Ve,16.0
08693326534,Gota Basculante Doble Az/Ve,16.0
08693330861,Hawaiana Solar,16.0
08693330344,Ind. Rib Nar,16.0
08693330343,Ind. Rib Ros,16.0
08693330943,Ipad Stand Multi,16.0
08693330365,Jabonera Margarita,16.0
08693330043,Jarro Beer,16.0
08693330352,Jaula Memoclip,16.0
08693330867,Lady Vintage Chica,16.0
08693330908,Lampara Cob,16.0
08693329679,Lampara Plasma,16.0
08693330878,Lampara Totoro,16.0
08693330824,Lapicero Brown,16.0
08693330825,Lapicero Grey,16.0
08693330457,Lapicero Nono,16.0
08693330823,Lapicero Ocean,16.0
08693330455,Lapicero Suku,16.0
08693326810,Lapiz Cristal,16.0
08693329797,laser revolver,16.0
08693330618,Lata Alice,16.0
08693330145,Lata Animal Print Ch,16.0
08693330146,Lata Calavera Vh,16.0
08693331186,Lata Ch Cuore Violeta,16.0
08693327789,Lata Corazon Rojo,16.0
08693329975,Lata Cosme,16.0
08693329977,Lata Desk,16.0
08693327458,Lata Dots,16.0
08693330084,Lata Espera,16.0
08693331185,Lata Gr Cuore Rosa,16.0
08693331188,Lata Gr Cuore Violeta,16.0
08693329484,Lata Maccarons Ch,16.0
08693329485,Lata Maccarons Gr,16.0
08693329950,Lata Machiato,16.0
08693330875,Lata Mask,16.0
08693331187,Lata Md Cuore Vioelta,16.0
08693325436,Lata Mm,16.0
08693330876,Lata Ojos,16.0
08693329936,Lata Pintura Neg,16.0
08693329890,Lata Skull,16.0
08693329976,Lata SOS,16.0
08693329854,Lata threeinart rect,16.0
08693330020,Laundry B/W,16.0
08693330065,Linterna Cubierta,16.0
08693328185,Llavero Bulbo,16.0
08693326528,Llavero float,16.0
08693328890,Llavero Led Camara,16.0
08693328142,Llavero Paparazzo,16.0
08693329528,Llavero Rfs,16.0
08693327833,Llevero Led  Vaquita,16.0
08693330941,Luz Clip,16.0
08693330771,Luz On Off,16.0
08693330128,Magnum Laser,16.0
08693330147,Mascara Frio,16.0
08693327983,Mascara Ojos Abi,16.0
08693330372,Memo Dog,16.0
08693325012,Mini Chango ROSA,16.0
08693325013,Mini Chango VERDE,16.0
08693330866,Mini lata Sweets,16.0
08693330906,Mini Linterna Cob,16.0
08693325880,Molinillo SS,16.0
08693331038,Mon french poodle,16.0
08693331036,Mon perro blanco,16.0
08693331035,Mon perro negro,16.0
08693331039,Monedero 2 gatos,16.0
08693329331,Monedero Beads plata,16.0
08693329329,Monedero Beads rojo,16.0
08693331037,Monedero bulldog,16.0
08693331040,Monedero gato,16.0
08693327568,Monedero Jewel  ne,16.0
08693327569,Monedero Jewel  plata,16.0
08693327570,Monedero Jewel  rojo,16.0
08693325714,Monedero Sandia Ch,16.0
08693325715,Monedero Sandia Gr,16.0
08693329857,naipes animales,16.0
08693329761,Naipes Dolar Pl,16.0
08693330827,Org Brown,16.0
08693330116,Org Escritorio Tape,16.0
08693329828,organizador mesh,16.0
08693330454,P. Anteojos Suku,16.0
08693329864,Pantalla  grey flower,16.0
08693329866,Pantalla penguin,16.0
08693329863,Pantalla zebra,16.0
08693325995,Panuelo Calm Aqua,16.0
08693325994,Panuelo Calm Fu,16.0
08693325989,Panuelo Corazon Doble,16.0
08693325996,Panuelo Corazones Multi,16.0
08693329989,Panuelo Dolar,16.0
08693325993,Panuelo Jardin,16.0
08693325990,Panuelo Labios,16.0
08693325986,Panuelo Pez,16.0
08693325997,Panuelo Rainbow,16.0
08693325992,Panuelo Zoo,16.0
08693325991,Pañuelos Dolar,16.0
08693330509,Paraguas Print,16.0
08693327894,Pelota bounce,16.0
08693327895,Pelota Holografica,16.0
08693330936,Perfect Tp,16.0
85237331077,Photoclip Birdie,16.0
08681324998,Pin Art,16.0
08693329792,Porta Cont Corazon,16.0
08693328190,Porta Contactos Sandia,16.0
08681325024,Porta Tissue Postre,16.0
08693330056,Portacapsula dolce,16.0
08693330353,Portar Escher Bla,16.0
08693330355,Portar Escher Roj,16.0
08693330339,Portaret Ada Multi,16.0
08693330347,Portaret Anteojos Neg,16.0
08693330348,Portaret Anteojos Rojo,16.0
08693330351,Portaret Clip Multi,16.0
08693330346,Portaret Love Violeta,16.0
08693329725,Posa S Calav Violeta,16.0
08693329707,Posa S Flo Multicolor,16.0
08693330140,Pote Retro Ch,16.0
08693329862,regla ani,16.0
08693329787,reloj ape spring,16.0
08693327325,Reloj Cor Mult Ch,16.0
08693327334,Reloj Gato Negro,16.0
08693329971,Reloj Gato Pink Ch,16.0
08693327332,Reloj Nu Mult Ver,16.0
08693329426,Reloj xs blanco,16.0
08693329428,Reloj xs rojo,16.0
08693329430,Reloj xs violeta,16.0
08693330265,Resaltador Fucsia Esmalte,16.0
08693330266,Resaltador Naranja Esmalte,16.0
08693330130,Resaltador Rb,16.0
08693330264,Resaltador Verde Esmalte,16.0
08693330267,Resaltador Violeta Esmalte,16.0
08687322010,Resaltadores X 12,16.0
08693330122,Sacapuntas buzon UK,16.0
08693330164,Sacapuntas Gorila,16.0
08693329847,Sacapuntas telefono,16.0
08693330711,Scratch Anotador,16.0
08693330712,Scratch Taco,16.0
08693330710,Scratch X10 Hojas,16.0
08693329467,Servilleta Bitch,16.0
08693331064,Servilleta Corona,16.0
08693329468,Servilleta Drink Up,16.0
08693331066,Servilleta Flamingo,16.0
08693329471,Servilleta Globos,16.0
08693329473,Servilleta Lechuza Cel,16.0
08693331065,Servilleta MM,16.0
08693331069,Servilleta Pirata,16.0
85237331106,Servilletero Pulse,16.0
08693330037,Set Bandas Manzana,16.0
08693330520,Set Baño Coffee,16.0
08693330091,Set Gomas Maccaron,16.0
08693330311,Set Manicure Lips,16.0
08693330750,Shaggy Lavanda,16.0
08693325026,Silla Cel,16.0
08693330045,Silla Rb Infantil,16.0
08693330917,Sketch Corner,16.0
08693330927,Sketch Espera,16.0
08693330932,Sketch French,16.0
08693330935,Sketch Perfect,16.0
08693330382,Sop Libros Pull,16.0
08693330107,Sticker Gato Amarillo,16.0
08693325062,Sticky Note,16.0
85237331025,Subway Multi Black Hook,16.0
85237326477,Tangle Photo Ni,16.0
08693330087,Tijera Flower,16.0
85237331108,Toallero Pulse,16.0
08693330912,Cubitos Poli,15.0
08693330914,Bandeja Ch Banana,14.0
08693331183,Lata Ch Cuore Rosa,13.0
08693330882,Funda Bosque,12.0
08693330881,Funda Cieo,12.0
08693330883,Funda Gatos,12.0
08693330885,Funda Ojos,12.0
08693330884,Funda Rostro,12.0
08693330430,Vent Usb Flex,11.0
08693330329,Port Ada 4X6 Natural,10.0
08693330330,Port Ada 4X6 Negro,10.0
08693330331,Port Ada 5X7 Natural,10.0
08693330332,Port Ada 5X7 Negro,10.0
08693330334,Portaret Borda 4X6 Blanco,10.0
08693330333,Portaret Borda 4X6 Neg,10.0
08693330336,Portaret Borda 5X7 Blanco,10.0
08693330335,Portaret Borda 5X7 Neg,10.0
08693330338,Portaret Borda 8X6 Blanco,10.0
08693330337,Portaret Borda 8X6 Neg,10.0
08693330374,Llavero Postal,9.0
08693330435,Marca Vasos x6,9.0
08693329702,Posa S Chica Sillon,9.0
08693329701,Posa S Chicas Sillon,9.0
08693329720,Posa S Chihuahua,9.0
08693329723,Posa S Coneja,9.0
08693329719,Posa S Cuento,9.0
08693329706,Posa S Dolares,9.0
08693329705,Posa S Flors Byn,9.0
08693329716,Posa S Macarron,9.0
08693329703,Posa S New York,9.0
08693329721,Posa S Perro,9.0
08693329722,Posa S Perro Inglés,9.0
08693329714,Posa S Saquitos,9.0
08693329724,Posa S Turquesa,9.0
08693329710,Posa S Van Gogh,9.0
08693330587,Alf Puerta Grey,8.0
08693330514,Billetera Mariposas,8.0
85237331095,Brella Dbl,8.0
08693328568,Caja Cosme 2,8.0
08693329511,caja dots patch,8.0
08693330812,Caja Ocean,8.0
08693330816,Caja Trans,8.0
08693330231,Cepillo Inodoro S/2,8.0
08693330829,Cesto Ocean,8.0
08693330033,Chapa Gp,8.0
08693330650,Ganchera Vio Metalla,8.0
08693330807,Ind Chapa,8.0
08693330806,Ind Text Grey,8.0
08693330828,Org Grey,8.0
08693330826,Org Ocean,8.0
08693329867,Pantalla blue,8.0
08693330380,Paraguero Wave,8.0
08693330905,Placa Escurridora,8.0
08693329827,portras papeles mesh,8.0
08693327330,Reloj Nu Mult Ro,8.0
08693329516,s4 paneles hoja ng,8.0
08693330232,Set Baño S/4,8.0
08693330745,Shaggy Beige,8.0
08693330743,Shaggy Gris,8.0
08693330747,Shaggy Rojo,8.0
08693330749,Shaggy Violeta,8.0
85237326379,Abridor Buddy,7.0
08693327737,Alf Baño Hielo,7.0
08693330522,Alf Baño London,7.0
08693330167,Alhajero Birdie,7.0
08693330011,Alm Cuello Tigre,7.0
08693330868,Bandeja Ravioli,7.0
85237331045,BANDO SMOKE PUMP,7.0
85237331004,Buddy Hooks Asst,7.0
85237331005,Buddy Hooks Black,7.0
85237331043,Buddy Hooks Lite,7.0
08693329510,caja dots traveller,7.0
08693330322,Caja Image NY,7.0
08693330321,Caja Image UK,7.0
08693329529,Campana Rfs Mesa,7.0
08693327712,Cenicero Diamantes,7.0
08693327714,Cenicero Ondas,7.0
08693327719,Cenicero Spin Kamasutra,7.0
08693325430,Cesto Londres,7.0
08693325463,Chapa 1800,7.0
08693330030,Chapa Ae,7.0
08693324960,Chapa Amigos,7.0
08693324914,Chapa Andy,7.0
08693324673,Chapa Beef,7.0
08693330034,Chapa Berni,7.0
08693330035,Chapa Bock,7.0
08693330557,Chapa Breakfast,7.0
08693330026,Chapa Catalunya,7.0
08693330563,Chapa Che Bl,7.0
08693327212,Chapa Chicks Rule,7.0
08693330028,Chapa Damm,7.0
08693330559,Chapa Dream,7.0
08693324672,Chapa Harley,7.0
08693330558,Chapa Harley Hydra,7.0
08693330561,Chapa House Rules,7.0
08693324671,Chapa Mm,7.0
08693330549,Chapa Mm Vestido,7.0
08693327643,Chapa Mona Fumando,7.0
08693327659,Chapa No Trespassing,7.0
08693330029,Chapa Normandie,7.0
08693325460,Chapa Old Guys,7.0
08693330560,Chapa Play,7.0
08693330025,Chapa Ricard,7.0
08693330551,Chapa Shots,7.0
08693327211,Chapa Simpli,7.0
08693327658,Chapa Skateboard,7.0
08693327648,Chapa Veterano,7.0
08693330027,Chapa Vicenzo,7.0
08693330555,Chapa Victoria,7.0
08693324674,Chapa We Can,7.0
08693330548,Chapa Wine,7.0
08693329924,Chupete miniman,7.0
85237331087,Corda Nogal,7.0
08693327281,Cortina Baño Londres,7.0
85237329047,Display Clothsline,7.0
85237329307,Display Hangit,7.0
08693328554,Espejo Succion,7.0
85237331088,Hangit Negro,7.0
08693330210,Ind 33Rpm,7.0
08693330205,Ind Casette,7.0
08693330802,Ind City,7.0
08693330208,Ind Coq,7.0
08693324498,Ind Cubiertos,7.0
08693330800,Ind Cubiertos Gris,7.0
08693330206,Ind Deck,7.0
08699324495,Ind Diario,7.0
08693330207,Ind Ravioli,7.0
08693330204,Ind Striped,7.0
08693329506,Ind traveller,7.0
08693330209,Ind UK,7.0
85237329049,Instapic,7.0
08693330021,Laundry Retro,7.0
85237325469,Magnetter Blanco,7.0
85237323645,Magnetter Wenge,7.0
85237329126,Mantra Wall,7.0
08693327685,Pack Tapas Gaseosa,7.0
85237329424,Pane Azul Multi,7.0
08693328724,Pantalla Ceramic,7.0
08693328649,Photoclip Arbol,7.0
08693330113,Porta Anteojos Bigote,7.0
85237329377,Portadoc Bungee,7.0
85237329050,Portafoto Crowd,7.0
85237327180,Portafoto Vert Hercules,7.0
08693330357,Portare Clip Double,7.0
08693330356,Portare Clip Simple,7.0
08693330388,Portaret Lu 4X6,7.0
08693330389,Portaret Lu 5X7,7.0
85237327188,Portaretrato Postal,7.0
08693327606,Posavaso 33 Rpm,7.0
08693327756,Posavasos Record X2,7.0
08693330497,Posavasos Tapita,7.0
08693330139,Pote Retro Gr,7.0
85237331021,Prisma 5X7 Photo Dis Black,7.0
08693326403,Reloj  de pared señal,7.0
08693327754,Reloj Arbol Love,7.0
08693329427,Reloj xs negro,7.0
08693330119,Rocas Para Hielo,7.0
08693325998,Rollo Papel Dolar,7.0
08693326000,Rollo Papel Sudoku,7.0
85237327021,S+P Buddy,7.0
85237331046,Serv Buddy Menta,7.0
08693329469,Servilleta Cubierto Bn,7.0
08693326596,Servilletero Andys,7.0
08693326598,Servilletero Beer,7.0
85237327181,Servilletero Buddy,7.0
08693326594,Servilletero Mosaico,7.0
08693326595,Servilletero UK,7.0
85237331022,Skyline Multi Hook Black,7.0
85237322223,Soporte Conceal Gr,7.0
85237331024,Squeeze Napkin Holder Blk/Chrm,7.0
85237327022,Tub Rojo,7.0
85237329063,Abridor Glasses,6.0
08693330161,Abrochador Coco,6.0
08693327940,Aceitera Vin Vid,6.0
08693328812,Agenda Vg Ch,6.0
08693330740,Alf Banio Ocean,6.0
08693327730,Alf Baño Flo Ch,6.0
08693330370,Alhajero Rest,6.0
08693330009,Alm Cuello Frutilla,6.0
08693330543,Almohada Ladrillo,6.0
08693330542,Apoya Cabeza Auto Cat,6.0
08693330628,Archivo Colors,6.0
08693327226,Balde Cinta Verde,6.0
08693328151,Banahub,6.0
08693328781,Billetera Dolar,6.0
08693331071,Billetera Dor Zipper,6.0
08693331072,Billetera Ne Zipper,6.0
08693331073,Billetera Ro Zipper,6.0
08693327806,Boligrafo Discador 3 Luces,6.0
08693330399,Bolsa Impermeable,6.0
08693328042,Bolso Mesh,6.0
08693329092,Bolso Mesh Azul,6.0
08693331057,Bolso Mh Multi,6.0
08693329959,Bolso Toilette Dots,6.0
85237331112,Bungee Metal,6.0
85237329376,Bungee Metalic,6.0
08693330448,Cable Usb Multi,6.0
08693330323,Caja Image Vene,6.0
08693330200,Caja Tablas,6.0
08693325974,Calculadora Flex Ne,6.0
08693330286,Carbag Casette,6.0
08693330283,Carbag Grafitti,6.0
08693330282,Carbag Marilyn,6.0
08693330280,Carbag Stripes,6.0
08693330446,Cargadors Usb,6.0
08693330292,Cell Bag Cuadradito,6.0
08693330294,Cell Bag Empire State,6.0
08693330293,Cell Bag Marilyn,6.0
08693330290,Cell Bag Metropolis,6.0
08693330291,Cell Bag Stripes,6.0
08693327609,Cellmate Boris,6.0
08693327456,Cenicero No Smoking,6.0
08693329758,Cenicero Ny,6.0
08693327855,Cenicero Rueda,6.0
08693330656,Cep Electra Neg,6.0
08693330134,Cepillo Espejo Fu,6.0
08693328150,Chocohub,6.0
08693330301,Cinturon Negro Fu Xtreme,6.0
08693330303,Cinturon Negro Ve Xtreme,6.0
08693330300,Cinturon Negro Xtreme,6.0
08693330907,Cob 3W,6.0
08693328912,Cojin Vaquita,6.0
08693330709,Corbatero Clip,6.0
08693330913,Correa Equipaje,6.0
08693330401,Cuaderno Kiss,6.0
08693330612,Cuaderno Moon,6.0
08693327777,Cuaderno Personaje,6.0
08693330630,Cuaderno Postal,6.0
08693330496,Cuchara Balanza,6.0
08693329979,Cuchillo para fruta,6.0
08693330449,Data Dual Llavero,6.0
08693330444,Data Pulsera Micro Usb,6.0
08693328851,Decididor,6.0
08681324997,Destapador Llave,6.0
08693330642,Doble Succion Recta,6.0
08693328613,Eiffel Pared Ch,6.0
08693329696,Felpudo Pies Gris Ro,6.0
08693330510,Funda Mini Jean,6.0
08693330580,Gancho Bolso Smile,6.0
08693330383,Gancho Domus,6.0
08693326535,Gota Basculante Doble Fu/Ve,6.0
08693330423,Ind Folia Mar,6.0
08693330422,Ind Folia Ver,6.0
08693330805,Ind Text Black,6.0
85237329040,Infusor Buddy,6.0
08693328555,Ipad Stand,6.0
08693330898,Jarro Calavera,6.0
08693330451,Kit Adaptador Sim,6.0
08693330376,Lapicero Uk,6.0
08693329937,Lata Eyes,6.0
08693325434,Lata Londres,6.0
08693331184,Lata Md Cuore Rosa,6.0
08693330644,Laundry Love Ng,6.0
08693324875,Limpia Cepillos,6.0
08693327805,Lint Discad 2 Luces,6.0
08693329798,linterna mag extenda,6.0
08693327807,Linterna Mini,6.0
08693328787,Llavero Led Pistola,6.0
08693327834,Llavero Led Rana,6.0
08693330257,Llavero Sneaker,6.0
08693330450,Luz Usb Stick,6.0
08693327982,Mascara Ojos Cerr,6.0
08693330373,Memo Cat,6.0
85237326496,Mensajero Talk,6.0
08693328137,Mini Lap Led,6.0
08693329940,Mini Led Maccaron,6.0
08693329952,Monedero Fellini,6.0
08693329763,Naipes Dolar,6.0
08693329762,Naipes Dolar Oro,6.0
08693330453,P. Anteojos Amanda,6.0
08693330233,Pastillero Fono,6.0
08693330059,Pastillero Red,6.0
08693328673,Percha Aros Gs,6.0
08693327886,Pinza Depilar Lumi,6.0
08693330111,Porta Cel Tacos,6.0
08693331050,Porta Cont Lechuza,6.0
08693331048,Porta Cont Pollo,6.0
08693326500,Portafoto 4X4,6.0
08693330354,Portar Escher Pla,6.0
08693329715,Posa S Tazas de Te,6.0
08693330593,Pouff Doble Carroza,6.0
08693326527,Regla Float,6.0
08693330775,Reloj Action,6.0
08693327755,Reloj Coraz Silver,6.0
08693325008,Reloj Led Cuad,6.0
08693329786,reloj smiley spring,6.0
08693329425,Reloj xs azul,6.0
08693331067,Servilleta Birdie,6.0
08693329470,Servilleta Cubierto Rb,6.0
08693331062,Servilleta Tropic,6.0
08693326702,Set Cubierto Navaja,6.0
08693330899,Set Imanes Cara,6.0
85237326378,Set Vino Buddy,6.0
08693330377,Sop Libros UK,6.0
08693330262,Sorbete Bambu,6.0
08693330162,Tijera Coco,6.0
08693330163,Tijera Tiburon,6.0
08693330661,Turbante Melon Microfibra,6.0
08693330660,Turbante Violeta Microfibra,6.0
08693330447,Usb Data Dual,6.0
08693330431,Ventilador Android,6.0
08693330432,Ventilador Iphone,6.0
08693330156,3D Ilusion,5.0
08693327728,Alf Banio Pez,5.0
08693327738,Alf Baño Gotas,5.0
08693327729,Alf Baño Patos,5.0
08693327734,Alf Baño Pie Ch,5.0
08693330523,Alf Ducha Rb,5.0
08693330585,Alf Puerta Libelula,5.0
08693330586,Alf Puerta Multi,5.0
08693330715,Alhajero,5.0
08693330371,Alhajero Ballet,5.0
85237326360,Alhajero Black Dress,5.0
08693330368,Alhajero Heart,5.0
08693328694,Balance Sb,5.0
08693327227,Balde Cinta Rojo,5.0
08693331074,Billetera Pl Zipper,5.0
08693331058,Bolso Mh Cafe,5.0
85237329257,Bow Dress,5.0
08693330155,Bowl 25X10 Cm,5.0
08693327934,Bowl Crix,5.0
85237331097,Brella 4,5.0
08693330284,Carbag Empire State,5.0
08693327715,Cenicero Animal Print,5.0
08693329760,Cenicero MM,5.0
08693329759,Cenicero UK,5.0
08693330175,Cepillo Dsegno,5.0
08693328584,Cepillo Flor,5.0
08693330169,Cesto Cobre Cuad,5.0
08693330168,Cesto Cobre Red,5.0
08693325432,Cesto Mm,5.0
08693325431,Cesto Ny,5.0
08693327210,Chapa Dolar Mm,5.0
08693330552,Chapa Miracles,5.0
08693330550,Chapa Vodka Vestido,5.0
08693329599,CK katie,5.0
08693328556,Clip Magnet x3,5.0
08693329692,Colgador Cartera,5.0
08693327256,Cubiertero Index,5.0
08693330445,Data Pulsera Apple,5.0
08693325835,Deco Bowl Fuchsia,5.0
08693325836,Deco Bowl Rojo,5.0
08693325834,Deco Bowl Transparente,5.0
08693325832,Deco Bowl Verde,5.0
08693325833,Deco Bowl Violeta,5.0
08693330101,Décor Pink House,5.0
08693330036,Dispenser Dots,5.0
08693329690,Dispenser Loto,5.0
08693330179,Escurridor Y,5.0
08687322115,Esfera Multicolor,5.0
08693330910,Especiero Colors,5.0
08693330309,Espejo Suc 5X Gr,5.0
08693330312,Esponja Wm,5.0
85237326383,Exprimidor Sombrero,5.0
08693329753,Felpudo Pata Gr,5.0
08693330386,Fiberlamp 34cm,5.0
85237326494,Flitterbye,5.0
08693325428,Florero Stripes Bl,5.0
08693325427,Florero Stripes Horiz,5.0
08693330428,Florero Tallo,5.0
08693330425,Florero Tube Colgante,5.0
08693330426,Florero Tube X4,5.0
08693327999,Funda Anteoj Ro,5.0
08693330651,Gancho Multi 8,5.0
08693330171,Gancho Teatime,5.0
08693330375,Ganchos Cubierto,5.0
08693326536,Gota Basculante Doble Fu/Az,5.0
08693322997,Hidrogel,5.0
08693330157,Impacto Grande,5.0
08693330414,Ind Cala Bla,5.0
08693330421,Ind Cala Celeste,5.0
08693330418,Ind Cala Naranja,5.0
08693330419,Ind Cala Rojo,5.0
08693330420,Ind Cala Verde,5.0
08693330417,Ind Cala Vio,5.0
08693329505,Ind london,5.0
08693330203,Ind Metropolis,5.0
08693330202,Ind Mosaico,5.0
08693330801,Ind NyNy,5.0
08693324485,Ind Ondas Neg,5.0
08699324492,Ind Stripes,5.0
08693330342,Ind. Rib Ver,5.0
08693330341,Ind. Rib Vio,5.0
08693330865,Lady Vintage Mini,5.0
08693330877,Lata Skull,5.0
85237329133,Little Black Accesorios,5.0
08693328883,Loto Med Blanca,5.0
08693328886,Loto Med Naranja,5.0
08693328885,Loto Med Roja,5.0
08693328884,Loto Med Violeta,5.0
08693330238,Maceta 4 Flores Bl,5.0
08693323943,Mano Movil,5.0
85237329138,Mantra Easy,5.0
08693330360,Mariposa Suc Fucsia,5.0
08693330358,Mariposa Suc Ver,5.0
08693330902,Masajeador 3D,5.0
85237331017,Metal Mariposa Copper,5.0
85237331018,Metal Mariposa Nickel,5.0
85237331019,Metal Wallflower Copper,5.0
08693330916,Multi Herramienta,5.0
08693330511,Org. Baul,5.0
08693327993,Organiz cupcake fuchsia / violeta,5.0
08693355620,Palmeta Matamoscas,5.0
08693328674,Percha Aros Ch,5.0
85237325473,Perchero Sticks,5.0
08693330842,Pfoto Birdie Brown,5.0
08693328648,Photoclip Molino,5.0
85237327182,Portafoto Horiz Hercules,5.0
08693329515,portafotos birdie,5.0
08693330350,Portaret Block Bla,5.0
08693330349,Portaret Block Neg,5.0
08693330465,Portaretrato Gato,5.0
85237329306,Portaretrato Ulove,5.0
85237331107,Posa Pulse,5.0
08693329712,Posa S Pajarito,5.0
08693330591,Pouff Doble Pink,5.0
08693330592,Pouff Doble Zoo,5.0
08693330909,Protector de Bacha,5.0
08693329969,Reloj  Uk,5.0
08693329963,Reloj Pendulo Pajaros,5.0
08693329657,S/2 Ganchos Xf,5.0
08693328845,S4 Ganchos Succion,5.0
08693330046,Sal/Pim Chef,5.0
08693331070,Servilleta Hb,5.0
08693331063,Servilleta Rosas,5.0
08693331068,Servilleta Smile,5.0
08693326593,Servilletero Metropolis,5.0
08693326592,Servilletero Stripes,5.0
08693330038,Set Bandas Gr,5.0
08693330521,Set Baño White,5.0
85237329134,Set Mariposa Color,5.0
85237326463,Set Pared Mariposa Bl,5.0
85237329059,Set Pluff,5.0
08693330772,Set Sumo,5.0
08693330327,Set Velas Pila,5.0
08693330751,Shaggy Azul,5.0
08693330744,Shaggy Marron,5.0
08693330369,Sop Libros Jirafa,5.0
08693322171,Soporte Limpieza,5.0
08693329961,Sticker Dolce,5.0
08693330039,Tabla Picar Wm Ch,5.0
08693330040,Tabla Picar Wm Gr,5.0
08693330532,Tarjetero Metalla,5.0
08693330904,Tiernizador,5.0
08693330501,Timer Chef,5.0
08693330502,Timer Pollo Ng,5.0
08693330364,Vaquita Succion,5.0
08693330363,Vaso Mariposa Fucsia,5.0
08693330361,Vaso Mariposa Ver,5.0
08693330888,Vela Led,5.0
08693330887,Vela Led Flor,5.0
08693330879,Ventilador Totoro,5.0
85237331047,Wallflower Ass Set of 10,5.0
85237326491,Wallflutter Ni,5.0
08693330978,Cenicero Spin Cebra,4.0
08693330977,Cenicero Spin Leopardo,4.0
08693329930,Espejo  Love Rh,3.0
08693329931,Espejo Love Wh,3.0
08693328759,Telefono Azul,2.0
08693328758,Telefono Fuchsia,2.0
08693324422,2 en 1 Mono,1.0
08693324423,2 en 1 Pinguino,1.0
08693324420,2 en 1 Rana,1.0
08693324421,2 en 1 Vaca,1.0
08693330466,Abrid Parrot Multi,1.0
08693325913,Abridor Parrot,1.0
08693325749,Agarradera Zoo,1.0
08693325982,Agitadores Help,1.0
08693327731,Alf Ba Flores Gr,1.0
08693327739,Alf Ba Piedras Plana,1.0
08693327733,Alf Baño Pie Gr,1.0
08693327740,Alf Baño Relieve,1.0
85237327179,Alhajero Mini Black Dress,1.0
08693330008,Alm Cuello Gato,1.0
08693330013,Alm Cuello lindo gato,1.0
08693325248,Almoh Coraz Baño,1.0
08693322974,Aspira Migas,1.0
08693330436,Atril Multiangulo,1.0
08693328176,Balde Cupcake Cel,1.0
08693330915,Bandeja Med Banana,1.0
08693330869,Bandeja Pk Coffee,1.0
08693329826,bandeja triple mesh,1.0
08693325838,Barra Magnetica Para Cuchillos,1.0
08693330518,Billetera Animales Ve,1.0
08693330517,Billetera Pajaros Fu,1.0
85237327186,Black Dress Scarf,1.0
08693329766,Boligrafo Jeringa Xxl,1.0
08693328579,Bolsa lechuza,1.0
08693328580,Bolsa vaquita,1.0
08693329434,Bolso  PL gr negro,1.0
08693329433,Bolso  PL gr violeta,1.0
08693329955,Bolso Bano Stripe,1.0
08693329954,Bolso Fashion,1.0
08693329091,Bolso Mesh Naranja,1.0
08693329093,Bolso Mesh Negro,1.0
08693329432,Bolso PL ch negro,1.0
08693329431,Bolso PL ch violeta,1.0
08693329958,Bolso Toilette Stripes,1.0
08693330571,Bolso Vera,1.0
08693331051,Caja Cintas Gr,1.0
08693331052,Caja Cintas Med,1.0
08693328567,Caja Cosme 6,1.0
08693328566,Caja Cosmeticos,1.0
08693329512,caja mantra,1.0
08693330595,Caja Pl Fuchsia,1.0
08693327518,Canasta Mini,1.0
08693328158,Canasta Succion,1.0
08693330285,Carbag Chihuahua,1.0
08693330281,Carbag Metropolis,1.0
08693330289,Carbag Negro,1.0
08693330288,Carbag Rojo,1.0
08693330287,Carbag Tablero,1.0
08693329915,Cartera gato,1.0
08693329916,Cartera lechuza,1.0
08693330979,Cenicero Spin Bn,1.0
08693327723,Cenicero Spin Cromo,1.0
08693327720,Cenicero Spin Dots,1.0
08693327721,Cenicero Spin Hojas,1.0
08693327716,Cenicero Spin Huesos Ro,1.0
08693324126,Cenicero Spin Poker,1.0
08693328601,Cepillo Bella,1.0
08693330135,Cepillo Espejo Pl,1.0
08693330133,Cepillo Espejo Vi,1.0
08693327622,Cepillo Formas C/Esponja,1.0
08693328585,Cepillo Mujercita,1.0
08693328581,Cepillo Uñas Oj,1.0
08693327642,Chapa Drunken,1.0
08693330489,Cierra Bolsa Tiburcio,1.0
08693327741,Cierra Bolsas Pulgar,1.0
08693330305,Cinturon Celeste Xtreme,1.0
08693330304,Cinturon Fucsia Xtreme,1.0
08693330302,Cinturon Negro Az Xtreme,1.0
08693330118,Clip Magnet X 8,1.0
85237329043,Colgador Ivy,1.0
08693330433,Corta Kiwi,1.0
08693328018,Cubetera Calavera,1.0
08693330050,Cubiertero Elefante,1.0
08693327436,Cubiertero Float,1.0
08693322972,Dalmata Dental,1.0
08693329811,Décor Castillo,1.0
08693330099,Décor Sheep,1.0
08693329814,Décor zoo,1.0
08693330114,Destapador Tool,1.0
85237329300,Display Clothesline,1.0
08693325415,Dosificador Tubos,1.0
08693330047,Escurridor Cubiertos Color,1.0
08693330176,Escurridor Dsegno,1.0
08693328604,Espatula Vaquita,1.0
08693329928,Espejo Chks Relax,1.0
08693327599,Espejo Girly Red,1.0
08693329589,Espejo Mesa Mini,1.0
08693330310,Espejo Suc 5X Ch,1.0
08693330367,Espejo Succ Duo,1.0
08693329934,Espejo Swan Lake,1.0
08693330165,Esponja Melón,1.0
08693330173,Esquinero Dsegno,1.0
08693329697,Felp Pies Ve Az,1.0
08693329754,Felpudo Pata Ro,1.0
08693329695,Felpudo Pies Ro Gris,1.0
08693325985,Filtro Te Musical,1.0
08693330427,Florero Bombita,1.0
08693329590,Flower Power,1.0
08693330648,Ganchera Fuchsia Metalla,1.0
08693328634,Ganchera Pajaros,1.0
08693330491,Ganchera Paraguas,1.0
08693330170,Gancho Pots,1.0
08693330131,Ganchos Rb,1.0
85237331030,Glasses Stir Sticks 1/12 Asst,1.0
85237331111,Glasses X 12,1.0
08693327472,Guarda Banana,1.0
85237331010,Hanger Mirror White,1.0
08693326697,Hub Usb Ladrillo,1.0
08693327445,Identificador Equipaje,1.0
08693330424,Ind Rama Mar,1.0
08693330804,Ind Text Ocean,1.0
08693330340,Individual Wm,1.0
08693330064,Infusor Sub,1.0
08693330051,Jabon Ss Quita Olores,1.0
08693330177,Jabonera Dsegno,1.0
08693330646,Jabonera Elefante,1.0
08693329624,Jabonera Rana Pared,1.0
08693330477,Jabonera Silly,1.0
08693328599,Jarra Juguera,1.0
08693329939,Lata BW,1.0
08693330144,Lata Calavera Gr,1.0
08693329861,lata naipes,1.0
08693325435,Lata Ny,1.0
85237331012,Lettera Sinkstrainer Clear,1.0
85237331013,Lettera Spongeholder Clear,1.0
85237329274,Mantra Be Silly,1.0
08693327856,Marcador Copas Expression,1.0
08693330359,Mariposa Suc Azul,1.0
08693328590,Masajeador Planta,1.0
08693328570,Masajeador Vaquita,1.0
08693327985,Mascara Cargando,1.0
08693327986,Mascara Dolar,1.0
08693328993,Memo Magnet,1.0
85237331020,Metal Wallflower Nickel,1.0
85237329256,Mini Dress Rojo,1.0
08693330434,Moby Pick,1.0
08693330897,Molde Smiley,1.0
08693329330,Monedero Beads negro,1.0
08693329335,Monedero Girly blanco,1.0
08693329336,Monedero Girly Flores,1.0
08693329334,Monedero Girly Negro,1.0
08693329333,Monedero Girly rojo,1.0
08693327830,Movil Impacto,1.0
85237329349,Org Anillo Zoola Conejo,1.0
08693325413,Org Cepillo Dientes,1.0
85237329045,Organizador Black Tie,1.0
85237329044,Organizador Boho,1.0
08693329784,organizador cables mesa,1.0
08693330178,Organizador Dent Dsegno,1.0
08693329790,Organizador Remotos,1.0
08693329532,Pajaros Pinches,1.0
08693355934,Palillero Cancan,1.0
85237329308,Pane Multi Frame Rojo,1.0
85237329422,Pane Negro Multi Frame,1.0
85237329423,Pane Nickel Multi Frame,1.0
08693329865,Pantalla prints,1.0
08693330172,Para Paraguas,1.0
08693330234,Pastillero Tempo,1.0
08693330058,Pastillero XL,1.0
08693330159,Perchero flip Wenge,1.0
08693330841,Pfoto Birdie Oxido,1.0
08693330837,Pfoto Love Rojo,1.0
08693328647,Photoclip Colgante,1.0
08693328582,Piedra Pomez Oj,1.0
08693330452,Pinches Brote,1.0
08693330306,Pinza,1.0
08693328191,Porta Anteojos Girly,1.0
08693328030,Porta Celular,1.0
08693331049,Porta Cont Rana,1.0
08693322951,Porta Pasta Dental,1.0
08693330578,Porta Tablet Tacos,1.0
08693322950,Portacepillo Abeja,1.0
08693327112,Portacepillo Canilla Verde,1.0
08693327113,Portacepillo Canilla Violeta,1.0
08693328082,Portacepillo Rana,1.0
08693322949,Portacepillo Vaquita,1.0
08693330153,Portafoto Spin,1.0
08693330345,Portaret Love Rojo,1.0
08693330464,Portaretrato Banda,1.0
08693327498,Portaretrato Rueda,1.0
08693330584,Portasaquito X4,1.0
08693329709,Posa S Flo Naranja,1.0
08693329708,Posa S Flo Negro Fond,1.0
08693329711,Posa S Flo Roja,1.0
08693329717,Posa S I Love Paris,1.0
08693329704,Posa S Marylin,1.0
08693329713,Posa S Taza de Te,1.0
08693328606,Posa Saquito,1.0
08693330766,Posa Saquito Bunny,1.0
08693327260,Posa Saquitos Te,1.0
08693328598,Posafuente Cruz,1.0
08693328128,Posahuevo Chair,1.0
08681325020,Posavaso Clip,1.0
08693328586,Posavasos Selva,1.0
08693328615,Regadera Principe,1.0
08693326407,Reloj  de pared Marilyn,1.0
08693329820,Reloj  pared domo 3,1.0
08693327331,Reloj Nu Mult Cel,1.0
08693327753,Reloj Smiley Mesa,1.0
08693329429,Reloj xs verde,1.0
08693328129,Ring 4S,1.0
08693328214,Sacapuntas Vegetales,1.0
08693328216,Separador Yemas,1.0
08693329988,Servilleta Dolar,1.0
08693329465,Servilleta Screw It,1.0
08693329466,Servilleta Wine,1.0
08693329839,Set 6 cuchillos,1.0
08693330062,Set agitadores para bebida,1.0
08693330049,Set Cocina Fruta,1.0
08693330061,Set Cucharas Gm Largo,1.0
08693327259,Set Posa Saquitos,1.0
08693330063,Set Tenedor Gm Corto,1.0
08693330117,Set Vino Tm,1.0
08693330746,Shaggy Crema,1.0
08693330748,Shaggy Fucsia,1.0
08693330752,Shaggy Verde,1.0
08693330439,Sop Magneti Ventilador,1.0
08693330438,Soporte 3D Magnetico,1.0
08693330398,Soporte Ba Vaquita,1.0
08693324942,Soporte Cargador,1.0
08693329403,Soporte Cargador Azul,1.0
08693329405,Soporte Cargador Negro,1.0
08693329404,Soporte Cargador Rojo,1.0
08693329406,Soporte Cargador Verde,1.0
08693329538,Soporte Cel Succion,1.0
08693330773,Soporte Robot,1.0
08693330643,Soporte Succion Vent,1.0
08693330440,Soporte vent,1.0
08693328025,Sorbete Para Bebidas,1.0
08693330166,Sponja Pop,1.0
08693327883,Spray Citrico,1.0
08693329486,Sticker Cuad Azul,1.0
08693329487,Sticker Cuad Fuchsia,1.0
08693330106,Sticker Elef Fuchsia,1.0
08693330108,Sticker Elefante,1.0
08693330109,Sticker Rana,1.0
85237331026,Subway Multi Multi Hook,1.0
08693328994,Sujeta Cable Adhesivo,1.0
08693326123,Sujeta Cable Indiv x 6,1.0
85237331027,Tangram Travel Org Charcoal,1.0
85237327001,Tapa Buddy Negra,1.0
08693330055,"Tapa Olla 9""",1.0
08693330054,Tapa Silicona,1.0
08693328682,Tapaclic ch,1.0
08693328683,Tapaclic gr,1.0
85237329062,Tapon Glasses,1.0
08693327522,Tapon Help,1.0
08693330891,Tapon Sombrero,1.0
08693329938,Tarjetero Lechuzas,1.0
08693326628,Tijera Magnetica,1.0
08693328588,Timer gallina,1.0
08693330506,Timer Owl,1.0
08693330505,Timer Pollo Am,1.0
08693330503,Timer Rana Ve,1.0
08693328589,Timer vaquita,1.0
08693330504,Timer Vaquita Ro,1.0
08693328600,Traba Puerta Llave,1.0
08693326124,Traba Puertas Choc,1.0
08681323126,Trabapuerta,1.0
85237327025,Tub Verde,1.0
08693330659,Turbante Blanco Microfibra,1.0
85237327034,U-Lens,1.0
08693330362,Vaso Mariposa Azul,1.0
08693326854,Velas Happy Birthday,1.0
08693330874,2. Portaanteojos Suku,NA
08693330769,Abridor Zip,NA
08693326013,Adaptador Usb Auto,NA
08693329684,Alcancia  Piggy,NA
08693330739,Alf Banio Colors,NA
08693330736,Alf Banio Elefante,NA
08693330737,Alf Banio Girs,NA
08693330731,Alf Banio Love,NA
08693330734,Alf Banio Marga,NA
08693330735,Alf Banio Patos,NA
08693327725,Alf Banio Piedras Print,NA
08693330738,Alf Banio Tallos,NA
08693330741,Alf Banio Zoo,NA
08693328564,Alhajero Arbol Bl,NA
08693330713,Alhajero Bianca,NA
08693328565,Alhajero Cactus Ve,NA
08693328611,Alhajero Cromo Ch,NA
08693328612,Alhajero Cromo Gr,NA
08693328769,Alhajero Dama,NA
08693330717,Alhajero Eiffel Nubes,NA
08693328506,Alhajero Espejo Gaveta,NA
85237329036,Alhajero Little Dress Rojo,NA
08693328504,Alhajero Llave,NA
08693330718,Alhajero Ocho,NA
08693330714,Alhajero Pajaros,NA
08693330716,Alhajero Vestido Pared,NA
08693330010,Alm Cuello Mono,NA
08693330012,Alm Cuello Pato,NA
08693330014,Almohadon Wm Red,NA
08693329893,Anotador Owl,NA
08693329887,Anotador Te,NA
85237331001,Arch Pth Nickel,NA
08693330822,Arch Text Grey,NA
08693330821,Archiv Text Brown,NA
08693328183,Archivo Girl,NA
08693328182,Archivo Love,NA
08693328184,Archivo Passion,NA
08693330820,Archivo Text Ocean,NA
08693327231,Balde Destellos,NA
08693327258,Bandeja Cupcake Rect,NA
08693327214,bandeja triple mesh,NA
08693328777,Billetera Girly,NA
08693328733,Biombo Candelabra,NA
08693328732,Biombo Liberty,NA
08693328731,Biombo NYC,NA
08693328768,Biombo Pop Black,NA
08693328767,Biombo Pop Color,NA
08693328576,Boligrafo Cars Friccion,NA
08693329956,Bolso Bano Dots,NA
08693329481,Bolso Cosmetics Ch,NA
08693329482,Bolso Cosmetics Med,NA
85237329364,Bolso sobre celeste,NA
85237329365,Bolso sobre negro,NA
85237329363,Bolso sobre rojo,NA
85237331101,Brella 10,NA
85237331102,Brella 10 Bicolor,NA
85237331098,Brella 4 Bicolor,NA
85237331096,Brella Dbl Bicolor,NA
85237331100,Brella Dbl P Bicolor,NA
85237331099,Brella Dbl Puerta,NA
08693330813,Caja Brown,NA
08693330817,Caja Cemento,NA
08693330818,Caja Chapa,NA
08693325575,Caja Dots Fuchsia,NA
08693330814,Caja Grey,NA
08693329513,caja interior,NA
08693330819,Caja Marmol,NA
08693329514,caja shoes,NA
08693328761,Calaveras Pop,NA
08693327404,Calculadora Cc,NA
08693325972,Calculadora Flex Az,NA
08693325971,Calculadora Flex Fu,NA
08693329914,Cartera elefante,NA
08693328572,Cb Plumas,NA
08693326907,Cenciero Vid No Smoking blanco,NA
08693327708,Cenicero Vid Labios,NA
08693330830,Cesto Brown,NA
08693327430,Cesto Cancan Fu Ch,NA
08693327433,Cesto Cancan Ve Gr,NA
08693330833,Cesto Cemento,NA
08693330834,Cesto Chapa,NA
08693327457,Cesto Dots color,NA
08693330378,Cesto Fajas,NA
08693330831,Cesto Grey,NA
08693328651,Cesto Lino Manija,NA
08693328650,Cesto Lino Red,NA
08693330836,Cesto Oxido,NA
08693330832,Cesto Tropic,NA
08693327759,Chango Gr,NA
08693327758,Chango Gr Cromo,NA
08693327646,Chapa Bar NY,NA
08693329585,Chapa Fukitol,NA
08693327213,Chapa Harley Verde,NA
08693330031,Chapa Mini Cooper,NA
08693330032,Chapa Schlitz,NA
08693328610,Chrysler,NA
08693329691,Colgador Ballerina,NA
85237331080,Colgador Dalia,NA
85237331085,Corbatero Pendant,NA
85237331007,Corda Natural Multi Pd,NA
85237331006,Corda Negro Multi Pd,NA
08693327283,Cortina Baño Paris,NA
08693327864,Cortina Bar Bl,NA
08693327861,Cortina Bar Corazon Ro,NA
08693327860,Cortina Bar Corazon Vi,NA
08693327863,Cortina Bar Ne,NA
08693327862,Cortina String Silver,NA
08693330982,Cortina Swirl,NA
08693329898,Cuaderno,NA
08693328806,Cuaderno Casette,NA
08693329895,Cuaderno Fabric,NA
08693328187,Cuaderno Florero,NA
08693329885,Cuaderno gatos,NA
08693328189,Cuaderno Hojas,NA
08693329438,Cuaderno Oso,NA
08693329891,Cuaderno Tin  Skull,NA
08693329892,Cuaderno Tin Uk,NA
08693328186,Cuaderno Vasija,NA
08693328032,Cuadro Led Cuerpo Buddah,NA
08693329812,décor dino,NA
08693329813,décor leon,NA
85237330115,Destapador Blade,NA
08693328571,Dinamo vaquita,NA
08693328616,Dosificador espuma,NA
08693328609,Empire State,NA
08693327423,Escurre Copas,NA
08693328605,Espatula Huevo,NA
08693327596,Espejo Cats,NA
08693328593,Espejo Cebra,NA
08693329926,Espejo Chks Party,NA
08693328591,Espejo Fuchsia,NA
08693327597,Espejo Girly Gr,NA
08693329932,Espejo Love Full,NA
08693329933,Espejo Mail,NA
08693327690,Fiberlamp Led,NA
08693327689,Fiberlamp Vibra,NA
08693323942,Figura Movil,NA
08693322961,Flor Loto blanca p jardin,NA
08693329348,Flor Loto naranja p jardin,NA
08693329030,Flor Loto naranja p jardin,NA
08693329001,Flor Loto roja p jardin,NA
08693329083,Flor Loto roja p jardin,NA
08693329084,Flor Loto violeta  p jardin,NA
08693329002,Flor Loto violeta p jardin,NA
08693330429,Florero Twin,NA
85237331090,Fotofan Piso,NA
08693330647,Ganchera Azul Metalla,NA
08693328569,Ganchera Succion Boton,NA
08693330649,Ganchera Verde Metalla,NA
08693328771,Gancho Eiffel Multi,NA
85237331091,Gancho Loop,NA
08693330044,Get Clean,NA
08693328596,Gorra Piggy,NA
08693328594,Gorra Pollo,NA
08693328595,Gorra Rana,NA
08693328597,Gorra Tiburon,NA
08693330326,Guardarropa NY,NA
08693330808,Ind Cemento,NA
08693325569,Ind Dots,NA
08693330810,Ind Flores BW,NA
08693330811,Ind Frutilla,NA
08693329508,ind mantra,NA
08693330809,Ind Marmol,NA
08693329507,ind paseo,NA
08693329509,ind patch,NA
08693329503,ind sinfonia,NA
08693330803,Ind Tropic,NA
08693328762,Laminas( Generico),NA
08693328163,Lampara Muela,NA
08693327686,Lata Café Hermetica Ch,NA
08693327687,Lata Café Hermetica Gr,NA
08693329951,Lata Shadpen,NA
08693329889,Lata Te,NA
08693329855,lata threeinart red,NA
85237331104,Latch Ng,NA
08693330645,Laundry Love Gr,NA
08693330017,Laundry Mono,NA
08693330018,Laundry Perro,NA
08693327438,Limpia Vid Azul,NA
08693330239,Maceta 3 Flore Vi,NA
08693330240,Maceta 5 Flo Vi,NA
08693330237,Maceta 5 Flores Bl,NA
08693330236,Maceta 7 Flores Bl,NA
08693330241,Mata 32,NA
08693330235,Mata 50,NA
85237331015,Matrix Multi Desk Fr Black,NA
85237331016,Matrix Multi Wall Pd Black,NA
08693329435,mochila pl  violeta,NA
08693329436,mochila pl negro,NA
08693330901,Molde Oso Polar,NA
08693328783,Monedero Girly ( generico),NA
85237331042,Orbita Cobre Photo,NA
85237331086,Org Puerta Estique,NA
85237331082,Organizador Catch,NA
85237331075,P.retrato Sash,NA
08693329846,papelero facetas,NA
08693330381,Paraguero Fajas,NA
08693330379,Paraguero Uk,NA
85237331084,Pendant Cuadrado,NA
85237331083,Pendant Triangulo,NA
08693330160,Perchero flip Natural,NA
08693328765,Perro Coctel,NA
08693328766,Perro Gourmet,NA
08693328763,Perro Hawai,NA
08693328764,Perro Playa,NA
08693329841,Porta cuchillos ch ROJO,NA
08693329840,Porta cuchillos gr.  ROJO,NA
08693327631,Porta Tissue Tornillo,NA
08693330057,Portacapsula giratorio,NA
08693322945,Portacepillo Vaquita Ve,NA
08693329859,portaenteojos machiato,NA
08693329829,portalapices mesh,NA
08693327696,Portaretrato Domo Lluvia,NA
08693327695,Portaretrato Lluvia Corazon,NA
08693327694,Portaretrato Lluvia Flor,NA
08693327697,Portaretrato Lluvia Rect,NA
08693329105,Portarrollo Dots,NA
08693329104,Portarrollo Flor,NA
08693329108,Portarrollo Glue,NA
08693329109,Portarrollo Leopardo,NA
08693329107,Portarrollo Pasta,NA
08693329106,Portarrollo Pato,NA
08693327947,Pouff Tiburon,NA
08693322011,Realtadores Calidos,NA
08693322012,Realtadores Frios,NA
08693326402,Reloj  de pared chihuaha,NA
08693326404,Reloj  de pared LP,NA
08693326406,Reloj  de pared NY,NA
08693326405,Reloj  de pared pulsera,NA
08693326408,Reloj  de pared we can do it,NA
08693326409,Reloj  pared  paraiso,NA
08693329819,Reloj  pared domo bl,NA
08693329970,Reloj Gato Pink  Gr,NA
08693329965,Reloj Huevo,NA
08693329967,Reloj Pasta,NA
08693329966,Reloj Pizza,NA
08693329788,reloj rana spring,NA
08693329968,Reloj Sarten,NA
08693328560,Rota Corazon,NA
08693330048,S 4 Tablas Picar,NA
08693330845,S4 Arbol Brown,NA
08693330844,S4 Arbol Chapa,NA
08693330846,S4 Arbol Ocean,NA
08693330843,S4 Arbol Oxido,NA
08693330847,S4 Birdie Cemento,NA
08693330849,S4 Birdie Negro,NA
08693330848,S4 Birdie Oxido,NA
08693329519,s4 paneles arabesco bl,NA
08693329518,s4 paneles arabesco ng,NA
08693329523,s4 paneles arboles bl,NA
08693329522,s4 paneles arboles ng,NA
08693329521,s4 paneles circulos bl,NA
08693329520,s4 paneles circulos ng,NA
08693329517,s4 paneles hoja bl,NA
08693330850,S4 Trama Cemento,NA
08693330852,S4 Trama Negro,NA
08693330851,S4 Trama Oxido,NA
08693329836,Set 6 utensilio de cocina,NA
08693330158,Set agitadores para bebida,NA
08693329844,set bowl multi,NA
08693330052,Set Especiero Bco,NA
85237326472,Set Pared Natura,NA
08693327691,Set Pick Fruta,NA
08693329843,set picnic,NA
08693328111,Set Wood,NA
08693328803,Sketch Ciudad  Eterna,NA
85237331023,Slide-It Jewelry Stand Wt/Nat,NA
85237329261,Small Talk,NA
08693326838,Soporte Cupcakes,NA
85237331041,Standit  Blanco,NA
85237329303,Starstruck 4x6,NA
08693329479,Sticker Bn Ballet,NA
08693329477,Sticker Bn Bike,NA
08693329476,Sticker Bn Eiffel,NA
08693329474,Sticker Bn Hojas,NA
08693329478,Sticker Bn Mariposas,NA
08693329480,Sticker Bn Rock,NA
08693327500,Sujeta Objeto,NA
08693330774,Tapa Olla Titanic,NA
08693328760,Telefono Verde,NA
08693328587,Timer simley,NA
85237331109,Udry Ceniza,NA
85237331028,Vanity Organizer Lg Lav/Cc,NA
85237331029,Vanity Organizer Sm Lav/Cc,NA
85237331094,Yook 8 Puerta/Pared,NA
85237331092,Yook Dbl Puerta,NA
85237331093,Yook X 4 Puerta,NA
